# Teleporter X,Y,Z,Map,Dest X,Y,Z,Map,Back?
512,1559,0,Felucca,5394,127,0,Felucca,True
513,1559,0,Felucca,5395,127,0,Felucca,True
514,1559,0,Felucca,5396,127,0,Felucca,True
5490,19,-25,Felucca,5514,10,5,Felucca,True
5875,19,-5,Felucca,5507,162,5,Felucca,True
5604,102,5,Felucca,5514,147,25,Felucca,True
5513,176,5,Felucca,5540,187,0,Felucca,False
5538,170,5,Felucca,5517,176,0,Felucca,False
4721,3813,0,Felucca,5904,16,64,Felucca,True
4722,3813,0,Felucca,5905,16,64,Felucca,True
4723,3813,0,Felucca,5906,16,64,Felucca,True
6040,192,12,Felucca,6059,88,24,Felucca,True
6040,193,12,Felucca,6059,89,24,Felucca,True
6040,194,12,Felucca,6059,90,24,Felucca,True
5920,168,16,Felucca,6083,144,-20,Felucca,False
5920,169,16,Felucca,6083,145,-20,Felucca,False
5920,170,16,Felucca,6083,146,-20,Felucca,False
6083,144,-20,Felucca,5920,168,22,Felucca,False
6083,145,-20,Felucca,5920,169,22,Felucca,False
6083,146,-20,Felucca,5920,170,22,Felucca,False
5972,168,0,Felucca,5905,100,0,Felucca,False
5906,96,0,Felucca,5977,169,0,Felucca,False
2498,916,0,Felucca,5455,1864,0,Felucca,True
2499,916,0,Felucca,5456,1864,0,Felucca,True
2500,916,0,Felucca,5457,1864,0,Felucca,True
2384,836,0,Felucca,5615,1996,0,Felucca,True
2384,837,0,Felucca,5615,1997,0,Felucca,True
2384,838,0,Felucca,5615,1998,0,Felucca,True
2420,883,0,Felucca,5392,1959,0,Felucca,True
2421,883,0,Felucca,5393,1959,0,Felucca,True
2422,883,0,Felucca,5394,1959,0,Felucca,True
2455,858,0,Felucca,5388,2027,0,Felucca,True
2456,858,0,Felucca,5389,2027,0,Felucca,True
2457,858,0,Felucca,5390,2027,0,Felucca,True
2544,850,0,Felucca,5578,1927,0,Felucca,True
2545,850,0,Felucca,5579,1927,0,Felucca,True
2546,850,0,Felucca,5580,1927,0,Felucca,True
5551,1805,12,Felucca,5556,1825,-3,Felucca,False
5552,1805,12,Felucca,5557,1825,-3,Felucca,False
5553,1805,12,Felucca,5557,1825,-3,Felucca,False
5556,1826,-10,Felucca,5551,1806,7,Felucca,False
5557,1826,-10,Felucca,5552,1806,7,Felucca,False
5466,1804,12,Felucca,5593,1840,-3,Felucca,False
5466,1805,12,Felucca,5593,1841,-3,Felucca,False
5466,1806,12,Felucca,5593,1842,-3,Felucca,False
5594,1840,-8,Felucca,5467,1804,7,Felucca,False
5594,1841,-8,Felucca,5467,1805,7,Felucca,False
5824,631,5,Felucca,2041,215,14,Felucca,True
5825,631,5,Felucca,2042,215,14,Felucca,True
5825,631,5,Felucca,2043,215,14,Felucca,True
5698,662,0,Felucca,5793,527,10,Felucca,False
4110,430,5,Felucca,5187,639,0,Felucca,False
4111,430,5,Felucca,5188,639,0,Felucca,False
4112,430,5,Felucca,5189,639,0,Felucca,False
5187,639,0,Felucca,4110,430,5,Felucca,False
5188,639,0,Felucca,4111,430,5,Felucca,False
5189,639,0,Felucca,4112,430,5,Felucca,False
5216,586,-13,Felucca,5304,533,2,Felucca,False
5217,586,-13,Felucca,5305,533,2,Felucca,False
5218,586,-13,Felucca,5306,533,2,Felucca,False
5304,532,7,Felucca,5216,585,-8,Felucca,False
5305,532,7,Felucca,5217,585,-8,Felucca,False
5306,532,7,Felucca,5218,585,-8,Felucca,False
5218,761,-28,Felucca,5305,651,7,Felucca,False
5219,761,-28,Felucca,5306,651,7,Felucca,False
5305,650,12,Felucca,5218,760,-23,Felucca,False
5306,650,12,Felucca,5219,760,-23,Felucca,False
5346,578,5,Felucca,5137,649,5,Felucca,True
5186,639,0,Felucca,4110,430,5,Felucca,False
5504,569,46,Felucca,5574,628,37,Felucca,False
5504,570,46,Felucca,5574,629,37,Felucca,False
5504,571,46,Felucca,5574,630,37,Felucca,False
5572,632,17,Felucca,5521,672,27,Felucca,False
5572,633,17,Felucca,5521,673,27,Felucca,False
5572,634,17,Felucca,5521,674,27,Felucca,False
5573,628,42,Felucca,5503,569,51,Felucca,False
5573,629,42,Felucca,5503,570,51,Felucca,False
5573,630,42,Felucca,5503,571,51,Felucca,False
5588,632,30,Felucca,1296,1082,0,Felucca,True
5588,630,30,Felucca,1296,1080,0,Felucca,True
5588,631,30,Felucca,1296,1081,0,Felucca,True
5522,672,32,Felucca,5573,632,22,Felucca,False
5522,673,32,Felucca,5573,633,22,Felucca,False
5522,674,32,Felucca,5573,634,22,Felucca,False
5386,756,-8,Felucca,5408,859,47,Felucca,False
5386,757,-8,Felucca,5408,860,47,Felucca,False
5386,755,-8,Felucca,5408,858,47,Felucca,False
5409,860,52,Felucca,5387,757,-3,Felucca,False
5409,858,52,Felucca,5387,755,-3,Felucca,False
5409,859,52,Felucca,5387,756,-3,Felucca,False
5242,1007,0,Felucca,1175,2635,0,Felucca,True
5243,1007,0,Felucca,1176,2635,0,Felucca,True
5244,1007,0,Felucca,1177,2635,0,Felucca,True
5142,797,22,Felucca,5129,908,-23,Felucca,False
5143,797,22,Felucca,5130,908,-23,Felucca,False
5144,797,22,Felucca,5131,908,-23,Felucca,False
5145,797,22,Felucca,5132,908,-23,Felucca,False
5153,808,-25,Felucca,5134,984,17,Felucca,False
5153,809,-25,Felucca,5134,985,17,Felucca,False
5153,810,-25,Felucca,5134,986,17,Felucca,False
5153,811,-25,Felucca,5134,987,17,Felucca,False
5129,909,-28,Felucca,5142,798,17,Felucca,False
5130,909,-28,Felucca,5143,798,17,Felucca,False
5131,909,-28,Felucca,5144,798,17,Felucca,False
5132,909,-28,Felucca,5145,798,17,Felucca,False
5133,984,22,Felucca,5152,808,-19,Felucca,False
5133,985,22,Felucca,5152,809,-19,Felucca,False
5133,986,22,Felucca,5152,810,-19,Felucca,False
5133,987,22,Felucca,5152,811,-19,Felucca,False
2603,2121,-20,Felucca,2605,2130,8,Felucca,False
2603,2120,-20,Felucca,2605,2130,8,Felucca,False
2669,2071,-20,Felucca,2666,2099,3,Felucca,False
2669,2072,-20,Felucca,2666,2099,3,Felucca,False
2669,2073,-20,Felucca,2666,2099,3,Felucca,False
2676,2241,-18,Felucca,2691,2234,2,Felucca,False
2676,2242,-18,Felucca,2691,2234,2,Felucca,False
2758,2092,-20,Felucca,2756,2097,38,Felucca,False
2759,2092,-20,Felucca,2756,2097,38,Felucca,False
2685,2063,39,Felucca,2685,2063,-20,Felucca,False
5217,18,15,Felucca,5204,74,17,Felucca,False
5200,71,17,Felucca,5211,22,15,Felucca,False
1997,81,7,Felucca,5881,242,0,Felucca,False
5705,146,-45,Felucca,5705,305,7,Felucca,False
5705,147,-45,Felucca,5705,306,7,Felucca,False
5874,146,27,Felucca,5208,2323,31,Felucca,False
5875,146,27,Felucca,5208,2322,32,Felucca,False
5876,146,27,Felucca,5208,2322,32,Felucca,False
5877,146,27,Felucca,5208,2322,32,Felucca,False
2399,198,0,Felucca,5753,436,79,Felucca,False
2400,198,0,Felucca,5754,436,80,Felucca,False
5191,152,0,Felucca,1367,891,0,Felucca,False
5849,239,-25,Felucca,5831,324,27,Felucca,False
5850,239,-25,Felucca,5832,324,26,Felucca,False
5851,239,-25,Felucca,5833,324,28,Felucca,False
5852,239,-25,Felucca,5834,324,27,Felucca,False
5853,239,-23,Felucca,5835,324,27,Felucca,False
5882,241,0,Felucca,1998,81,5,Felucca,False
5882,242,0,Felucca,1998,81,5,Felucca,False
5882,243,0,Felucca,1998,81,5,Felucca,False
5706,305,12,Felucca,5705,146,-45,Felucca,False
5706,306,12,Felucca,5705,147,-45,Felucca,False
5748,362,2,Felucca,313,786,-24,Felucca,False
5749,362,0,Felucca,313,786,-24,Felucca,False
5750,362,3,Felucca,314,786,-24,Felucca,False
5753,324,21,Felucca,5670,2391,40,Felucca,False
5831,323,34,Felucca,5849,238,-25,Felucca,False
5832,323,34,Felucca,5850,238,-25,Felucca,False
5833,323,33,Felucca,5851,238,-25,Felucca,False
5834,323,33,Felucca,5852,238,-25,Felucca,False
5835,323,33,Felucca,5853,238,-23,Felucca,False
5658,423,8,Felucca,5697,3659,2,Felucca,False
5686,385,2,Felucca,2777,894,-23,Felucca,False
5686,386,2,Felucca,2777,894,-23,Felucca,False
5686,387,2,Felucca,2777,895,-23,Felucca,False
5731,445,-18,Felucca,6087,3676,18,Felucca,False
5753,437,78,Felucca,2400,199,0,Felucca,False
5850,432,0,Felucca,5127,3143,97,Felucca,False
5850,433,-2,Felucca,5127,3143,97,Felucca,False
5850,434,-1,Felucca,5127,3143,97,Felucca,False
5850,431,2,Felucca,5127,3143,97,Felucca,False
5826,465,-1,Felucca,1987,2063,-40,Felucca,False
5827,465,-1,Felucca,1988,2063,-40,Felucca,False
5828,465,0,Felucca,1989,2063,-40,Felucca,False
313,786,-24,Felucca,5748,361,2,Felucca,False
314,786,-24,Felucca,5749,361,2,Felucca,False
2776,895,-23,Felucca,5685,387,2,Felucca,False
4540,898,32,Felucca,4442,1122,5,Felucca,False
4300,968,5,Felucca,4442,1122,5,Felucca,False
4436,1107,5,Felucca,4300,992,5,Felucca,False
4443,1137,5,Felucca,4487,1475,5,Felucca,False
4449,1107,5,Felucca,4539,890,28,Felucca,False
4449,1115,5,Felucca,4671,1135,10,Felucca,False
4663,1134,13,Felucca,4442,1122,5,Felucca,False
5701,1320,16,Felucca,5786,1336,-8,Felucca,False
5702,1320,16,Felucca,5787,1336,-8,Felucca,False
5703,1320,16,Felucca,5788,1336,-8,Felucca,False
5786,1335,-13,Felucca,5701,1319,13,Felucca,False
5787,1335,-13,Felucca,5702,1319,13,Felucca,False
5788,1335,-13,Felucca,5703,1319,13,Felucca,False
6005,1380,1,Felucca,5151,4063,37,Felucca,False
6005,1378,0,Felucca,5151,4062,37,Felucca,False
6005,1379,2,Felucca,5151,4062,37,Felucca,False
6025,1344,-26,Felucca,5137,3664,27,Felucca,False
6025,1345,-26,Felucca,5137,3664,27,Felucca,False
6025,1346,-26,Felucca,5137,3665,31,Felucca,False
5687,1424,38,Felucca,2923,3406,8,Felucca,False
5792,1416,41,Felucca,5758,2908,15,Felucca,False
5792,1417,41,Felucca,5758,2909,15,Felucca,False
5792,1415,41,Felucca,5758,2907,15,Felucca,False
5899,1411,43,Felucca,1630,3320,0,Felucca,False
5900,1411,42,Felucca,1630,3320,0,Felucca,False
5918,1412,-29,Felucca,5961,1409,59,Felucca,False
5918,1410,-29,Felucca,5961,1408,59,Felucca,False
5918,1411,-29,Felucca,5961,1408,59,Felucca,False
5961,1408,59,Felucca,5918,1411,-29,Felucca,False
5961,1409,59,Felucca,5918,1412,-29,Felucca,False
6125,1411,15,Felucca,6075,3332,4,Felucca,False
6126,1411,15,Felucca,6075,3332,4,Felucca,False
6127,1411,15,Felucca,6075,3332,4,Felucca,False
6137,1409,2,Felucca,6140,1432,4,Felucca,False
6138,1409,2,Felucca,6140,1432,4,Felucca,False
6140,1431,4,Felucca,6137,1408,2,Felucca,False
4496,1475,15,Felucca,4442,1122,5,Felucca,False
6031,1501,42,Felucca,1491,1642,24,Felucca,False
6031,1499,42,Felucca,1491,1640,24,Felucca,False
1491,1640,24,Felucca,6032,1499,31,Felucca,False
1491,1642,24,Felucca,6032,1501,31,Felucca,False
5340,1599,40,Felucca,5426,3122,-74,Felucca,False
5341,1599,40,Felucca,5426,3122,-74,Felucca,False
1987,2062,-40,Felucca,5826,464,0,Felucca,False
1988,2062,-40,Felucca,5827,464,-1,Felucca,False
1989,2062,-40,Felucca,5828,464,-1,Felucca,False
5203,2327,27,Felucca,5876,147,25,Felucca,False
5207,2322,27,Felucca,5877,147,25,Felucca,False
5207,2323,26,Felucca,5876,147,25,Felucca,False
5670,2391,40,Felucca,5753,325,10,Felucca,False
5974,2697,35,Felucca,2985,2890,35,Felucca,False
5267,2757,35,Felucca,424,3283,35,Felucca,False
5757,2908,14,Felucca,5791,1416,38,Felucca,False
5757,2909,15,Felucca,5791,1417,40,Felucca,False
5757,2907,15,Felucca,5791,1415,38,Felucca,False
1653,2963,0,Felucca,1677,2987,0,Felucca,False
1677,2987,0,Felucca,1675,2987,20,Felucca,False
5426,3123,-80,Felucca,5341,1602,0,Felucca,False
5126,3143,99,Felucca,5849,432,1,Felucca,False
424,3283,35,Felucca,5267,2757,35,Felucca,False
1629,3320,0,Felucca,5899,1411,43,Felucca,False
6075,3332,4,Felucca,6126,1410,15,Felucca,False
2923,3405,6,Felucca,5687,1423,39,Felucca,False
1142,3621,5,Felucca,1414,3828,5,Felucca,False
5137,3664,27,Felucca,6025,1344,-26,Felucca,False
5137,3665,31,Felucca,6025,1345,-26,Felucca,False
5697,3660,-5,Felucca,5658,424,0,Felucca,False
6086,3676,16,Felucca,5731,446,-16,Felucca,False
1409,3824,5,Felucca,1124,3623,5,Felucca,False
1419,3832,5,Felucca,1466,4015,5,Felucca,False
1406,3996,5,Felucca,1414,3828,5,Felucca,False
5150,4062,38,Felucca,6005,1378,0,Felucca,False
5150,4063,38,Felucca,6005,1380,1,Felucca,False
5906,4069,26,Felucca,2494,3576,5,Felucca,True
2985,2890,35,Felucca,5974,2697,35,Felucca,False
6172,21,0,Felucca,765,1645,0,Felucca,False
6172,22,0,Felucca,765,1646,0,Felucca,False
6172,23,0,Felucca,765,1647,0,Felucca,False
766,1645,0,Felucca,6174,21,0,Felucca,False
766,1646,0,Felucca,6174,22,0,Felucca,False
766,1647,0,Felucca,6174,23,0,Felucca,False
6173,176,-10,Felucca,6233,15,-10,Felucca,False
6174,176,-10,Felucca,6234,15,-10,Felucca,False
6175,176,-10,Felucca,6235,15,-10,Felucca,False
6176,176,-10,Felucca,6236,15,-10,Felucca,False
6177,176,-10,Felucca,6237,15,-10,Felucca,False
6178,176,-10,Felucca,6238,15,-10,Felucca,False
6179,176,-10,Felucca,6239,15,-10,Felucca,False
6233,14,-10,Felucca,6172,174,-10,Felucca,False
6234,14,-10,Felucca,6173,174,-10,Felucca,False
6235,14,-10,Felucca,6174,174,-10,Felucca,False
6236,14,-10,Felucca,6175,174,-10,Felucca,False
6237,14,-10,Felucca,6176,174,-10,Felucca,False
6238,14,-10,Felucca,6177,174,-10,Felucca,False
6239,14,-10,Felucca,6177,174,-10,Felucca,False
6240,14,-10,Felucca,6178,174,-10,Felucca,False
6256,97,-4,Felucca,6257,95,-10,Felucca,False
6260,97,-4,Felucca,6260,95,-10,Felucca,False
6263,97,-4,Felucca,6262,95,-10,Felucca,False
6269,97,-4,Felucca,6269,95,-10,Felucca,False
6273,97,-4,Felucca,6272,95,-10,Felucca,False
6262,95,-10,Felucca,6262,99,-10,Felucca,False
6159,130,0,Felucca,6317,63,-20,Felucca,False
6164,73,0,Felucca,6320,22,-20,Felucca,False
6161,163,-10,Felucca,6321,106,-20,Felucca,False
6276,40,-10,Felucca,6374,124,-20,Felucca,False
6211,106,0,Felucca,6355,34,-20,Felucca,False
6316,62,-5,Felucca,6160,131,0,Felucca,False
6319,19,-20,Felucca,6165,74,0,Felucca,False
6356,32,-9,Felucca,6210,105,0,Felucca,False
6374,125,-20,Felucca,6277,41,-10,Felucca,False
6373,49,-20,Felucca,801,1682,0,Felucca,False
6374,49,-20,Felucca,801,1682,0,Felucca,False
6375,49,-20,Felucca,801,1682,0,Felucca,False
6376,49,-20,Felucca,801,1682,0,Felucca,False
6377,49,-20,Felucca,801,1682,0,Felucca,False
1714,2996,0,Felucca,6308,892,0,Felucca,False
1714,2997,0,Felucca,6308,892,0,Felucca,False
6310,890,0,Felucca,1716,2997,0,Felucca,False
6310,891,0,Felucca,1716,2997,0,Felucca,False
6310,892,0,Felucca,1716,2997,0,Felucca,False
6310,893,0,Felucca,1716,2997,0,Felucca,False
512,1559,0,Trammel,5394,127,0,Trammel,True
513,1559,0,Trammel,5395,127,0,Trammel,True
514,1559,0,Trammel,5396,127,0,Trammel,True
5490,19,-25,Trammel,5514,10,5,Trammel,True
5875,19,-5,Trammel,5507,162,5,Trammel,True
5604,102,5,Trammel,5514,147,25,Trammel,True
5513,176,5,Trammel,5540,187,0,Trammel,False
5538,170,5,Trammel,5517,176,0,Trammel,False
4721,3813,0,Trammel,5904,16,64,Trammel,True
4722,3813,0,Trammel,5905,16,64,Trammel,True
4723,3813,0,Trammel,5906,16,64,Trammel,True
6040,192,12,Trammel,6059,88,24,Trammel,True
6040,193,12,Trammel,6059,89,24,Trammel,True
6040,194,12,Trammel,6059,90,24,Trammel,True
5920,168,16,Trammel,6083,144,-20,Trammel,False
5920,169,16,Trammel,6083,145,-20,Trammel,False
5920,170,16,Trammel,6083,146,-20,Trammel,False
6083,144,-20,Trammel,5920,168,22,Trammel,False
6083,145,-20,Trammel,5920,169,22,Trammel,False
6083,146,-20,Trammel,5920,170,22,Trammel,False
5972,168,0,Trammel,5905,100,0,Trammel,False
5906,96,0,Trammel,5977,169,0,Trammel,False
2498,916,0,Trammel,5455,1864,0,Trammel,True
2499,916,0,Trammel,5456,1864,0,Trammel,True
2500,916,0,Trammel,5457,1864,0,Trammel,True
2384,836,0,Trammel,5615,1996,0,Trammel,True
2384,837,0,Trammel,5615,1997,0,Trammel,True
2384,838,0,Trammel,5615,1998,0,Trammel,True
2420,883,0,Trammel,5392,1959,0,Trammel,True
2421,883,0,Trammel,5393,1959,0,Trammel,True
2422,883,0,Trammel,5394,1959,0,Trammel,True
2455,858,0,Trammel,5388,2027,0,Trammel,True
2456,858,0,Trammel,5389,2027,0,Trammel,True
2457,858,0,Trammel,5390,2027,0,Trammel,True
2544,850,0,Trammel,5578,1927,0,Trammel,True
2545,850,0,Trammel,5579,1927,0,Trammel,True
2546,850,0,Trammel,5580,1927,0,Trammel,True
5551,1805,12,Trammel,5556,1825,-3,Trammel,False
5552,1805,12,Trammel,5557,1825,-3,Trammel,False
5553,1805,12,Trammel,5557,1825,-3,Trammel,False
5556,1826,-10,Trammel,5551,1806,7,Trammel,False
5557,1826,-10,Trammel,5552,1806,7,Trammel,False
5466,1804,12,Trammel,5593,1840,-3,Trammel,False
5466,1805,12,Trammel,5593,1841,-3,Trammel,False
5466,1806,12,Trammel,5593,1842,-3,Trammel,False
5594,1840,-8,Trammel,5467,1804,7,Trammel,False
5594,1841,-8,Trammel,5467,1805,7,Trammel,False
5824,631,5,Trammel,2041,215,14,Trammel,True
5825,631,5,Trammel,2042,215,14,Trammel,True
5825,631,5,Trammel,2043,215,14,Trammel,True
5698,662,0,Trammel,5793,527,10,Trammel,False
4110,430,5,Trammel,5187,639,0,Trammel,False
4111,430,5,Trammel,5188,639,0,Trammel,False
4112,430,5,Trammel,5189,639,0,Trammel,False
5187,639,0,Trammel,4110,430,5,Trammel,False
5188,639,0,Trammel,4111,430,5,Trammel,False
5189,639,0,Trammel,4112,430,5,Trammel,False
5216,586,-13,Trammel,5304,533,2,Trammel,False
5217,586,-13,Trammel,5305,533,2,Trammel,False
5218,586,-13,Trammel,5306,533,2,Trammel,False
5304,532,7,Trammel,5216,585,-8,Trammel,False
5305,532,7,Trammel,5217,585,-8,Trammel,False
5306,532,7,Trammel,5218,585,-8,Trammel,False
5218,761,-28,Trammel,5305,651,7,Trammel,False
5219,761,-28,Trammel,5306,651,7,Trammel,False
5305,650,12,Trammel,5218,760,-23,Trammel,False
5306,650,12,Trammel,5219,760,-23,Trammel,False
5346,578,5,Trammel,5137,649,5,Trammel,True
5186,639,0,Trammel,4110,430,5,Trammel,False
5504,569,46,Trammel,5574,628,37,Trammel,False
5504,570,46,Trammel,5574,629,37,Trammel,False
5504,571,46,Trammel,5574,630,37,Trammel,False
5572,632,17,Trammel,5521,672,27,Trammel,False
5572,633,17,Trammel,5521,673,27,Trammel,False
5572,634,17,Trammel,5521,674,27,Trammel,False
5573,628,42,Trammel,5503,569,51,Trammel,False
5573,629,42,Trammel,5503,570,51,Trammel,False
5573,630,42,Trammel,5503,571,51,Trammel,False
5588,632,30,Trammel,1296,1082,0,Trammel,True
5588,630,30,Trammel,1296,1080,0,Trammel,True
5588,631,30,Trammel,1296,1081,0,Trammel,True
5522,672,32,Trammel,5573,632,22,Trammel,False
5522,673,32,Trammel,5573,633,22,Trammel,False
5522,674,32,Trammel,5573,634,22,Trammel,False
5386,756,-8,Trammel,5408,859,47,Trammel,False
5386,757,-8,Trammel,5408,860,47,Trammel,False
5386,755,-8,Trammel,5408,858,47,Trammel,False
5242,1007,0,Trammel,1175,2635,0,Trammel,True
5243,1007,0,Trammel,1176,2635,0,Trammel,True
5244,1007,0,Trammel,1177,2635,0,Trammel,True
5142,797,22,Trammel,5129,908,-23,Trammel,False
5143,797,22,Trammel,5130,908,-23,Trammel,False
5144,797,22,Trammel,5131,908,-23,Trammel,False
5145,797,22,Trammel,5132,908,-23,Trammel,False
5153,808,-25,Trammel,5134,984,17,Trammel,False
5153,809,-25,Trammel,5134,985,17,Trammel,False
5153,810,-25,Trammel,5134,986,17,Trammel,False
5153,811,-25,Trammel,5134,987,17,Trammel,False
5129,909,-28,Trammel,5142,798,17,Trammel,False
5130,909,-28,Trammel,5143,798,17,Trammel,False
5131,909,-28,Trammel,5144,798,17,Trammel,False
5132,909,-28,Trammel,5145,798,17,Trammel,False
5133,984,22,Trammel,5152,808,-19,Trammel,False
5133,985,22,Trammel,5152,809,-19,Trammel,False
5133,986,22,Trammel,5152,810,-19,Trammel,False
5133,987,22,Trammel,5152,811,-19,Trammel,False
2603,2121,-20,Trammel,2605,2130,8,Trammel,False
2603,2120,-20,Trammel,2605,2130,8,Trammel,False
2669,2071,-20,Trammel,2666,2099,3,Trammel,False
2669,2072,-20,Trammel,2666,2099,3,Trammel,False
2669,2073,-20,Trammel,2666,2099,3,Trammel,False
2676,2241,-18,Trammel,2691,2234,2,Trammel,False
2676,2242,-18,Trammel,2691,2234,2,Trammel,False
2758,2092,-20,Trammel,2756,2097,38,Trammel,False
2759,2092,-20,Trammel,2756,2097,38,Trammel,False
2685,2063,39,Trammel,2685,2063,-20,Trammel,False
5217,18,15,Trammel,5204,74,17,Trammel,False
5200,71,17,Trammel,5211,22,15,Trammel,False
1997,81,7,Trammel,5881,242,0,Trammel,False
5705,146,-45,Trammel,5705,305,7,Trammel,False
5705,147,-45,Trammel,5705,306,7,Trammel,False
5874,146,27,Trammel,5208,2323,31,Trammel,False
5875,146,27,Trammel,5208,2322,32,Trammel,False
5876,146,27,Trammel,5208,2322,32,Trammel,False
5877,146,27,Trammel,5208,2322,32,Trammel,False
2399,198,0,Trammel,5753,436,79,Trammel,False
2400,198,0,Trammel,5754,436,80,Trammel,False
5191,152,0,Trammel,1367,891,0,Trammel,False
5849,239,-25,Trammel,5831,324,27,Trammel,False
5850,239,-25,Trammel,5832,324,26,Trammel,False
5851,239,-25,Trammel,5833,324,28,Trammel,False
5852,239,-25,Trammel,5834,324,27,Trammel,False
5853,239,-23,Trammel,5835,324,27,Trammel,False
5882,241,0,Trammel,1998,81,5,Trammel,False
5882,242,0,Trammel,1998,81,5,Trammel,False
5882,243,0,Trammel,1998,81,5,Trammel,False
5706,305,12,Trammel,5705,146,-45,Trammel,False
5706,306,12,Trammel,5705,147,-45,Trammel,False
5748,362,2,Trammel,313,786,-24,Trammel,False
5749,362,0,Trammel,313,786,-24,Trammel,False
5750,362,3,Trammel,314,786,-24,Trammel,False
5753,324,21,Trammel,5670,2391,40,Trammel,False
5831,323,34,Trammel,5849,238,-25,Trammel,False
5832,323,34,Trammel,5850,238,-25,Trammel,False
5833,323,33,Trammel,5851,238,-25,Trammel,False
5834,323,33,Trammel,5852,238,-25,Trammel,False
5835,323,33,Trammel,5853,238,-23,Trammel,False
5658,423,8,Trammel,5697,3659,2,Trammel,False
5686,385,2,Trammel,2777,894,-23,Trammel,False
5686,386,2,Trammel,2777,894,-23,Trammel,False
5686,387,2,Trammel,2777,895,-23,Trammel,False
5731,445,-18,Trammel,6087,3676,18,Trammel,False
5753,437,78,Trammel,2400,199,0,Trammel,False
5850,432,0,Trammel,5127,3143,97,Trammel,False
5850,433,-2,Trammel,5127,3143,97,Trammel,False
5850,434,-1,Trammel,5127,3143,97,Trammel,False
5850,431,2,Trammel,5127,3143,97,Trammel,False
5826,465,-1,Trammel,1987,2063,-40,Trammel,False
5827,465,-1,Trammel,1988,2063,-40,Trammel,False
5828,465,0,Trammel,1989,2063,-40,Trammel,False
313,786,-24,Trammel,5748,361,2,Trammel,False
314,786,-24,Trammel,5749,361,2,Trammel,False
2776,895,-23,Trammel,5685,387,2,Trammel,False
4540,898,32,Trammel,4442,1122,5,Trammel,False
4300,968,5,Trammel,4442,1122,5,Trammel,False
4436,1107,5,Trammel,4300,992,5,Trammel,False
4443,1137,5,Trammel,4487,1475,5,Trammel,False
4449,1107,5,Trammel,4539,890,28,Trammel,False
4449,1115,5,Trammel,4671,1135,10,Trammel,False
4663,1134,13,Trammel,4442,1122,5,Trammel,False
5701,1320,16,Trammel,5786,1336,-8,Trammel,False
5702,1320,16,Trammel,5787,1336,-8,Trammel,False
5703,1320,16,Trammel,5788,1336,-8,Trammel,False
5786,1335,-13,Trammel,5701,1319,13,Trammel,False
5787,1335,-13,Trammel,5702,1319,13,Trammel,False
5788,1335,-13,Trammel,5703,1319,13,Trammel,False
6005,1380,1,Trammel,5151,4063,37,Trammel,False
6005,1378,0,Trammel,5151,4062,37,Trammel,False
6005,1379,2,Trammel,5151,4062,37,Trammel,False
6025,1344,-26,Trammel,5137,3664,27,Trammel,False
6025,1345,-26,Trammel,5137,3664,27,Trammel,False
6025,1346,-26,Trammel,5137,3665,31,Trammel,False
5687,1424,38,Trammel,2923,3406,8,Trammel,False
5792,1416,41,Trammel,5758,2908,15,Trammel,False
5792,1417,41,Trammel,5758,2909,15,Trammel,False
5792,1415,41,Trammel,5758,2907,15,Trammel,False
5899,1411,43,Trammel,1630,3320,0,Trammel,False
5900,1411,42,Trammel,1630,3320,0,Trammel,False
5918,1412,-29,Trammel,5961,1409,59,Trammel,False
5918,1410,-29,Trammel,5961,1408,59,Trammel,False
5918,1411,-29,Trammel,5961,1408,59,Trammel,False
5961,1408,59,Trammel,5918,1411,-29,Trammel,False
5961,1409,59,Trammel,5918,1412,-29,Trammel,False
6125,1411,15,Trammel,6075,3332,4,Trammel,False
6126,1411,15,Trammel,6075,3332,4,Trammel,False
6127,1411,15,Trammel,6075,3332,4,Trammel,False
6137,1409,2,Trammel,6140,1432,4,Trammel,False
6138,1409,2,Trammel,6140,1432,4,Trammel,False
6140,1431,4,Trammel,6137,1408,2,Trammel,False
4496,1475,15,Trammel,4442,1122,5,Trammel,False
6031,1501,42,Trammel,1491,1642,24,Trammel,False
6031,1499,42,Trammel,1491,1640,24,Trammel,False
1491,1640,24,Trammel,6032,1499,31,Trammel,False
1491,1642,24,Trammel,6032,1501,31,Trammel,False
5340,1599,40,Trammel,5426,3122,-74,Trammel,False
5341,1599,40,Trammel,5426,3122,-74,Trammel,False
1987,2062,-40,Trammel,5826,464,0,Trammel,False
1988,2062,-40,Trammel,5827,464,-1,Trammel,False
1989,2062,-40,Trammel,5828,464,-1,Trammel,False
5203,2327,27,Trammel,5876,147,25,Trammel,False
5207,2322,27,Trammel,5877,147,25,Trammel,False
5207,2323,26,Trammel,5876,147,25,Trammel,False
5670,2391,40,Trammel,5753,325,10,Trammel,False
5974,2697,35,Trammel,2985,2890,35,Trammel,False
5267,2757,35,Trammel,424,3283,35,Trammel,False
5757,2908,14,Trammel,5791,1416,38,Trammel,False
5757,2909,15,Trammel,5791,1417,40,Trammel,False
5757,2907,15,Trammel,5791,1415,38,Trammel,False
1653,2963,0,Trammel,1677,2987,0,Trammel,False
1677,2987,0,Trammel,1675,2987,20,Trammel,False
5426,3123,-80,Trammel,5341,1602,0,Trammel,False
5126,3143,99,Trammel,5849,432,1,Trammel,False
424,3283,35,Trammel,5267,2757,35,Trammel,False
1629,3320,0,Trammel,5899,1411,43,Trammel,False
6075,3332,4,Trammel,6126,1410,15,Trammel,False
2923,3405,6,Trammel,5687,1423,39,Trammel,False
1142,3621,5,Trammel,1414,3828,5,Trammel,False
5137,3664,27,Trammel,6025,1344,-26,Trammel,False
5137,3665,31,Trammel,6025,1345,-26,Trammel,False
5697,3660,-5,Trammel,5658,424,0,Trammel,False
6086,3676,16,Trammel,5731,446,-16,Trammel,False
1409,3824,5,Trammel,1124,3623,5,Trammel,False
1419,3832,5,Trammel,1466,4015,5,Trammel,False
1406,3996,5,Trammel,1414,3828,5,Trammel,False
5150,4062,38,Trammel,6005,1378,0,Trammel,False
5150,4063,38,Trammel,6005,1380,1,Trammel,False
5906,4069,26,Trammel,2494,3576,5,Trammel,True
2985,2890,35,Trammel,5974,2697,35,Trammel,False
6172,21,0,Trammel,765,1645,0,Trammel,False
6172,22,0,Trammel,765,1646,0,Trammel,False
6172,23,0,Trammel,765,1647,0,Trammel,False
766,1645,0,Trammel,6174,21,0,Trammel,False
766,1646,0,Trammel,6174,22,0,Trammel,False
766,1647,0,Trammel,6174,23,0,Trammel,False
6173,176,-10,Trammel,6233,15,-10,Trammel,False
6174,176,-10,Trammel,6234,15,-10,Trammel,False
6175,176,-10,Trammel,6235,15,-10,Trammel,False
6176,176,-10,Trammel,6236,15,-10,Trammel,False
6177,176,-10,Trammel,6237,15,-10,Trammel,False
6178,176,-10,Trammel,6238,15,-10,Trammel,False
6179,176,-10,Trammel,6239,15,-10,Trammel,False
6233,14,-10,Trammel,6172,174,-10,Trammel,False
6234,14,-10,Trammel,6173,174,-10,Trammel,False
6235,14,-10,Trammel,6174,174,-10,Trammel,False
6236,14,-10,Trammel,6175,174,-10,Trammel,False
6237,14,-10,Trammel,6176,174,-10,Trammel,False
6238,14,-10,Trammel,6177,174,-10,Trammel,False
6239,14,-10,Trammel,6177,174,-10,Trammel,False
6240,14,-10,Trammel,6178,174,-10,Trammel,False
6256,97,-4,Trammel,6257,95,-10,Trammel,False
6260,97,-4,Trammel,6260,95,-10,Trammel,False
6263,97,-4,Trammel,6262,95,-10,Trammel,False
6269,97,-4,Trammel,6269,95,-10,Trammel,False
6273,97,-4,Trammel,6272,95,-10,Trammel,False
6262,95,-10,Trammel,6262,99,-10,Trammel,False
6159,130,0,Trammel,6317,63,-20,Trammel,False
6164,73,0,Trammel,6320,22,-20,Trammel,False
6161,163,-10,Trammel,6321,106,-20,Trammel,False
6276,40,-10,Trammel,6374,124,-20,Trammel,False
6211,106,0,Trammel,6355,34,-20,Trammel,False
6316,62,-5,Trammel,6160,131,0,Trammel,False
6319,19,-20,Trammel,6165,74,0,Trammel,False
6356,32,-9,Trammel,6210,105,0,Trammel,False
6374,125,-20,Trammel,6277,41,-10,Trammel,False
6373,49,-20,Trammel,801,1682,0,Trammel,False
6374,49,-20,Trammel,801,1682,0,Trammel,False
6375,49,-20,Trammel,801,1682,0,Trammel,False
6376,49,-20,Trammel,801,1682,0,Trammel,False
6377,49,-20,Trammel,801,1682,0,Trammel,False
1714,2996,0,Trammel,6308,892,0,Trammel,False
1714,2997,0,Trammel,6308,892,0,Trammel,False
6310,890,0,Trammel,1716,2997,0,Trammel,False
6310,891,0,Trammel,1716,2997,0,Trammel,False
6310,892,0,Trammel,1716,2997,0,Trammel,False
6310,893,0,Trammel,1716,2997,0,Trammel,False
3508,2777,26,Trammel,5912,355,0,Trammel,True
5140,1773,0,Felucca,5171,1586,0,Felucca,False
6992,1367,-15,Felucca,511,585,11,TerMur,False
6993,1367,-15,Felucca,512,585,11,TerMur,False
6994,1367,-15,Felucca,513,585,11,TerMur,False
2186,294,-27,Ilshenar,2186,33,-27,Ilshenar,True
2187,294,-27,Ilshenar,2187,33,-27,Ilshenar,True
2188,294,-27,Ilshenar,2188,33,-27,Ilshenar,True
2189,294,-27,Ilshenar,2189,33,-27,Ilshenar,True
2189,320,-7,Ilshenar,1788,569,74,Ilshenar,True
2188,320,-7,Ilshenar,1787,569,74,Ilshenar,True
2187,320,-7,Ilshenar,1787,569,74,Ilshenar,False
1419,909,-10,Ilshenar,1784,994,-28,Ilshenar,True
1420,909,-10,Ilshenar,1785,994,-28,Ilshenar,True
1421,909,-10,Ilshenar,1786,994,-28,Ilshenar,True
1787,994,-28,Ilshenar,1421,909,-10,Ilshenar,False
1788,994,-28,Ilshenar,1421,909,-10,Ilshenar,False
1783,994,-28,Ilshenar,1419,909,-10,Ilshenar,False
1861,980,-28,Ilshenar,1490,877,10,Ilshenar,True
1861,981,-28,Ilshenar,1490,878,10,Ilshenar,True
1861,982,-28,Ilshenar,1490,879,10,Ilshenar,True
1861,983,-28,Ilshenar,1490,880,10,Ilshenar,True
1861,984,-28,Ilshenar,1490,880,10,Ilshenar,False
1516,879,10,Ilshenar,1363,1105,-26,Ilshenar,True
1362,1031,-13,Ilshenar,1981,1107,-16,Ilshenar,True
1363,1031,-13,Ilshenar,1982,1107,-16,Ilshenar,True
1364,1031,-13,Ilshenar,1983,1107,-16,Ilshenar,True
1980,1107,-16,Ilshenar,1362,1031,-13,Ilshenar,False
1984,1107,-16,Ilshenar,1364,1031,-13,Ilshenar,False
1745,1236,-30,Ilshenar,2112,829,-11,Ilshenar,True
1746,1236,-30,Ilshenar,2113,829,-11,Ilshenar,True
1747,1236,-30,Ilshenar,2114,829,-11,Ilshenar,True
1748,1236,-30,Ilshenar,2115,829,-11,Ilshenar,True
2116,829,-11,Ilshenar,1748,1236,-30,Ilshenar,False
1456,1328,-27,Ilshenar,1479,1494,-28,Ilshenar,True
1456,1329,-27,Ilshenar,1479,1495,-28,Ilshenar,True
1456,1330,-27,Ilshenar,1479,1496,-28,Ilshenar,True
1479,1493,-28,Ilshenar,1456,1328,-27,Ilshenar,False
1479,1497,-28,Ilshenar,1456,1330,-27,Ilshenar,False
1029,1155,-24,Ilshenar,1349,1512,-3,Ilshenar,True
1029,1154,-24,Ilshenar,1349,1511,-3,Ilshenar,True
1029,1153,-24,Ilshenar,1349,1510,-3,Ilshenar,True
1349,1509,-3,Ilshenar,1030,1153,-24,Ilshenar,False
1268,1508,-28,Ilshenar,1250,1508,-28,Ilshenar,True
1268,1509,-28,Ilshenar,1250,1509,-28,Ilshenar,True
1268,1510,-28,Ilshenar,1250,1510,-28,Ilshenar,True
1250,1511,-28,Ilshenar,1268,1510,-28,Ilshenar,False
1250,1512,-28,Ilshenar,1268,1510,-28,Ilshenar,False
810,874,-39,Ilshenar,532,1532,-7,Ilshenar,False
811,874,-39,Ilshenar,533,1532,-7,Ilshenar,False
812,874,-39,Ilshenar,534,1532,-7,Ilshenar,False
531,1533,-4,Ilshenar,810,875,-40,Ilshenar,False
532,1533,-4,Ilshenar,811,875,-39,Ilshenar,False
533,1533,-4,Ilshenar,812,875,-39,Ilshenar,False
534,1533,-4,Ilshenar,813,875,-40,Ilshenar,False
393,1587,-13,Ilshenar,78,1366,-36,Ilshenar,False
394,1587,-13,Ilshenar,79,1366,-36,Ilshenar,False
395,1587,-13,Ilshenar,80,1366,-36,Ilshenar,False
396,1587,-13,Ilshenar,81,1366,-36,Ilshenar,False
78,1365,-41,Ilshenar,393,1586,-16,Ilshenar,False
79,1365,-41,Ilshenar,394,1586,-16,Ilshenar,False
80,1365,-41,Ilshenar,395,1586,-16,Ilshenar,False
81,1365,-41,Ilshenar,396,1586,-16,Ilshenar,False
668,928,-84,Ilshenar,3,1267,-8,Ilshenar,True
668,929,-84,Ilshenar,3,1268,-8,Ilshenar,True
668,930,-82,Ilshenar,3,1269,-8,Ilshenar,True
575,1156,-121,Ilshenar,154,1473,-8,Ilshenar,False
576,1156,-121,Ilshenar,155,1473,-8,Ilshenar,False
577,1156,-121,Ilshenar,156,1473,-8,Ilshenar,False
154,1472,-8,Ilshenar,575,1155,-121,Ilshenar,False
155,1472,-8,Ilshenar,576,1155,-120,Ilshenar,False
156,1472,-8,Ilshenar,577,1155,-120,Ilshenar,False
10,872,-28,Ilshenar,10,1518,-27,Ilshenar,False
11,872,-28,Ilshenar,11,1518,-28,Ilshenar,False
12,872,-27,Ilshenar,12,1518,-28,Ilshenar,False
10,1519,-28,Ilshenar,10,873,-28,Ilshenar,False
11,1519,-27,Ilshenar,11,873,-28,Ilshenar,False
12,1519,-27,Ilshenar,12,873,-27,Ilshenar,False
636,813,-62,Ilshenar,164,743,-28,Ilshenar,False
164,746,-16,Ilshenar,636,815,-52,Ilshenar,False
348,1427,15,Ilshenar,18,1198,-5,Ilshenar,True
349,1427,15,Ilshenar,19,1198,-5,Ilshenar,True
350,1427,15,Ilshenar,20,1198,-5,Ilshenar,True
351,1427,15,Ilshenar,21,1198,-5,Ilshenar,True
712,1490,-3,Ilshenar,686,1490,-28,Ilshenar,False
712,1491,-3,Ilshenar,686,1491,-28,Ilshenar,False
712,1492,-3,Ilshenar,686,1492,-28,Ilshenar,False
712,1493,-3,Ilshenar,686,1493,-28,Ilshenar,False
694,1490,-53,Ilshenar,719,1490,-28,Ilshenar,False
694,1491,-53,Ilshenar,719,1491,-28,Ilshenar,False
694,1492,-53,Ilshenar,719,1492,-28,Ilshenar,False
694,1493,-53,Ilshenar,719,1493,-28,Ilshenar,False
775,1467,-28,Ilshenar,658,1498,-28,Ilshenar,False
838,1550,-6,Ilshenar,728,1505,-28,Ilshenar,False
838,1551,-6,Ilshenar,728,1506,-28,Ilshenar,False
838,1552,-6,Ilshenar,728,1507,-28,Ilshenar,False
838,1553,-6,Ilshenar,728,1508,-28,Ilshenar,False
722,1505,-53,Ilshenar,833,1550,-28,Ilshenar,False
722,1506,-53,Ilshenar,833,1551,-28,Ilshenar,False
722,1507,-53,Ilshenar,833,1552,-28,Ilshenar,False
722,1508,-53,Ilshenar,833,1553,-28,Ilshenar,False
954,1425,-53,Ilshenar,874,1490,2,Ilshenar,False
954,1426,-53,Ilshenar,874,1491,2,Ilshenar,False
954,1427,-53,Ilshenar,874,1492,2,Ilshenar,False
954,1428,-53,Ilshenar,874,1493,2,Ilshenar,False
954,1429,-53,Ilshenar,874,1493,2,Ilshenar,False
879,1490,24,Ilshenar,960,1425,-28,Ilshenar,False
879,1491,24,Ilshenar,960,1426,-28,Ilshenar,False
879,1492,24,Ilshenar,960,1427,-28,Ilshenar,False
879,1493,24,Ilshenar,960,1428,-28,Ilshenar,False
948,1464,-56,Ilshenar,951,1442,-6,Ilshenar,True
948,1465,-56,Ilshenar,951,1443,-6,Ilshenar,True
948,1466,-56,Ilshenar,951,1444,-6,Ilshenar,True
948,1467,-56,Ilshenar,951,1445,-6,Ilshenar,True
871,1433,-6,Ilshenar,897,1449,-28,Ilshenar,False
871,1434,-6,Ilshenar,897,1450,-28,Ilshenar,False
871,1435,-6,Ilshenar,897,1451,-28,Ilshenar,False
871,1436,-6,Ilshenar,897,1452,-28,Ilshenar,False
871,1437,-6,Ilshenar,897,1453,-28,Ilshenar,False
892,1449,-51,Ilshenar,866,1433,-28,Ilshenar,False
892,1450,-51,Ilshenar,866,1434,-28,Ilshenar,False
892,1451,-51,Ilshenar,866,1435,-28,Ilshenar,False
892,1452,-51,Ilshenar,866,1436,-28,Ilshenar,False
892,1453,-51,Ilshenar,866,1437,-28,Ilshenar,False
812,1546,-6,Ilshenar,848,1434,-28,Ilshenar,False
812,1547,-6,Ilshenar,848,1435,-28,Ilshenar,False
812,1548,-6,Ilshenar,848,1436,-28,Ilshenar,False
812,1549,-6,Ilshenar,848,1437,-28,Ilshenar,False
843,1434,-51,Ilshenar,807,1546,-28,Ilshenar,False
843,1435,-51,Ilshenar,807,1547,-28,Ilshenar,False
843,1436,-51,Ilshenar,807,1548,-28,Ilshenar,False
843,1437,-51,Ilshenar,807,1549,-28,Ilshenar,False
751,1473,-28,Ilshenar,763,1479,-28,Ilshenar,False
751,1479,-28,Ilshenar,763,1555,-28,Ilshenar,False
752,1549,-28,Ilshenar,751,1484,-28,Ilshenar,False
775,1492,-28,Ilshenar,827,1515,-28,Ilshenar,False
904,1360,-21,Ilshenar,1014,1506,0,Ilshenar,True
904,1361,-21,Ilshenar,1014,1507,0,Ilshenar,True
904,1362,-21,Ilshenar,1014,1508,0,Ilshenar,True
904,1363,-21,Ilshenar,1014,1509,0,Ilshenar,True
650,1297,-58,Ilshenar,626,1526,-28,Ilshenar,False
626,1527,-28,Ilshenar,650,1298,-58,Ilshenar,False
651,1297,-58,Ilshenar,627,1526,-28,Ilshenar,False
627,1527,-28,Ilshenar,651,1298,-59,Ilshenar,False
652,1297,-58,Ilshenar,628,1526,-28,Ilshenar,False
628,1527,-28,Ilshenar,652,1298,-58,Ilshenar,False
653,1297,-58,Ilshenar,629,1526,-28,Ilshenar,False
629,1527,-28,Ilshenar,653,1298,-58,Ilshenar,False
747,1539,-28,Ilshenar,785,1514,-28,Ilshenar,False
785,1524,-28,Ilshenar,798,1547,-28,Ilshenar,False
747,1555,-28,Ilshenar,785,1570,-28,Ilshenar,False
784,1580,-28,Ilshenar,798,1547,-28,Ilshenar,False
791,1548,-28,Ilshenar,781,1547,-28,Ilshenar,False
782,1550,-28,Ilshenar,783,1538,-28,Ilshenar,False
783,1539,-28,Ilshenar,787,1542,-28,Ilshenar,False
787,1543,-28,Ilshenar,781,1554,-28,Ilshenar,False
781,1555,-28,Ilshenar,789,1556,-28,Ilshenar,False
789,1557,-28,Ilshenar,785,1550,-28,Ilshenar,False
784,1550,-28,Ilshenar,777,1554,-28,Ilshenar,False
778,1554,-28,Ilshenar,787,1538,-28,Ilshenar,False
787,1537,-28,Ilshenar,781,1546,-28,Ilshenar,False
781,1545,-28,Ilshenar,789,1552,-28,Ilshenar,False
789,1553,-28,Ilshenar,789,1546,-28,Ilshenar,False
789,1545,-28,Ilshenar,779,1541,-28,Ilshenar,False
780,1541,-28,Ilshenar,785,1554,-28,Ilshenar,False
785,1555,-28,Ilshenar,783,1542,-28,Ilshenar,False
782,1542,-28,Ilshenar,785,1546,-28,Ilshenar,False
784,1546,-28,Ilshenar,776,1548,-28,Ilshenar,False
777,1555,-28,Ilshenar,798,1547,-28,Ilshenar,False
777,1553,-28,Ilshenar,798,1547,-28,Ilshenar,False
776,1549,-28,Ilshenar,798,1547,-28,Ilshenar,False
777,1548,-28,Ilshenar,798,1547,-28,Ilshenar,False
777,1547,-28,Ilshenar,798,1547,-28,Ilshenar,False
776,1546,-28,Ilshenar,798,1547,-28,Ilshenar,False
778,1541,-28,Ilshenar,798,1547,-28,Ilshenar,False
779,1540,-28,Ilshenar,798,1547,-28,Ilshenar,False
779,1542,-28,Ilshenar,798,1547,-28,Ilshenar,False
780,1554,-28,Ilshenar,798,1547,-28,Ilshenar,False
781,1553,-28,Ilshenar,798,1547,-28,Ilshenar,False
782,1554,-28,Ilshenar,798,1547,-28,Ilshenar,False
780,1550,-28,Ilshenar,798,1547,-28,Ilshenar,False
781,1549,-28,Ilshenar,798,1547,-28,Ilshenar,False
781,1551,-28,Ilshenar,798,1547,-28,Ilshenar,False
780,1546,-28,Ilshenar,798,1547,-28,Ilshenar,False
781,1547,-28,Ilshenar,798,1547,-28,Ilshenar,False
782,1546,-28,Ilshenar,798,1547,-28,Ilshenar,False
783,1543,-28,Ilshenar,798,1547,-28,Ilshenar,False
784,1542,-28,Ilshenar,798,1547,-28,Ilshenar,False
783,1541,-28,Ilshenar,798,1547,-28,Ilshenar,False
782,1538,-28,Ilshenar,798,1547,-28,Ilshenar,False
783,1537,-28,Ilshenar,798,1547,-28,Ilshenar,False
784,1538,-28,Ilshenar,798,1547,-28,Ilshenar,False
786,1538,-28,Ilshenar,798,1547,-28,Ilshenar,False
787,1539,-28,Ilshenar,798,1547,-28,Ilshenar,False
788,1538,-28,Ilshenar,798,1547,-28,Ilshenar,False
788,1542,-28,Ilshenar,798,1547,-28,Ilshenar,False
787,1541,-28,Ilshenar,798,1547,-28,Ilshenar,False
786,1542,-28,Ilshenar,798,1547,-28,Ilshenar,False
785,1545,-28,Ilshenar,798,1547,-28,Ilshenar,False
786,1546,-28,Ilshenar,798,1547,-28,Ilshenar,False
785,1547,-28,Ilshenar,798,1547,-28,Ilshenar,False
785,1549,-28,Ilshenar,798,1547,-28,Ilshenar,False
785,1551,-28,Ilshenar,798,1547,-28,Ilshenar,False
786,1550,-28,Ilshenar,798,1547,-28,Ilshenar,False
784,1554,-28,Ilshenar,798,1547,-28,Ilshenar,False
785,1553,-28,Ilshenar,798,1547,-28,Ilshenar,False
786,1554,-28,Ilshenar,798,1547,-28,Ilshenar,False
788,1556,-28,Ilshenar,798,1547,-28,Ilshenar,False
789,1555,-28,Ilshenar,798,1547,-28,Ilshenar,False
790,1556,-28,Ilshenar,798,1547,-28,Ilshenar,False
788,1552,-28,Ilshenar,798,1547,-28,Ilshenar,False
789,1551,-28,Ilshenar,798,1547,-28,Ilshenar,False
790,1552,-28,Ilshenar,798,1547,-28,Ilshenar,False
790,1546,-28,Ilshenar,798,1547,-28,Ilshenar,False
788,1546,-28,Ilshenar,798,1547,-28,Ilshenar,False
789,1547,-28,Ilshenar,798,1547,-28,Ilshenar,False
791,1545,-28,Ilshenar,798,1547,-28,Ilshenar,False
791,1546,-28,Ilshenar,798,1547,-28,Ilshenar,False
791,1547,-28,Ilshenar,798,1547,-28,Ilshenar,False
791,1549,-28,Ilshenar,798,1547,-28,Ilshenar,False
791,1550,-28,Ilshenar,798,1547,-28,Ilshenar,False
546,455,-40,Ilshenar,426,113,-28,Ilshenar,True
547,455,-40,Ilshenar,427,113,-28,Ilshenar,True
548,455,-40,Ilshenar,428,113,-28,Ilshenar,True
429,113,-28,Ilshenar,548,455,-40,Ilshenar,False
242,27,-16,Ilshenar,372,31,-31,Ilshenar,False
242,26,-16,Ilshenar,372,30,-31,Ilshenar,False
242,25,-16,Ilshenar,372,29,-31,Ilshenar,False
371,31,-36,Ilshenar,241,27,-18,Ilshenar,False
371,30,-36,Ilshenar,241,26,-18,Ilshenar,False
371,29,-36,Ilshenar,241,25,-18,Ilshenar,False
272,141,-16,Ilshenar,555,427,-1,Ilshenar,False
273,141,-16,Ilshenar,556,427,-1,Ilshenar,False
274,141,-16,Ilshenar,557,427,-1,Ilshenar,False
555,426,-6,Ilshenar,272,140,-21,Ilshenar,False
556,426,-6,Ilshenar,273,140,-21,Ilshenar,False
557,426,-6,Ilshenar,274,140,-21,Ilshenar,False
265,130,-31,Ilshenar,284,72,-21,Ilshenar,False
266,130,-31,Ilshenar,285,72,-21,Ilshenar,False
267,130,-31,Ilshenar,286,72,-21,Ilshenar,False
268,130,-31,Ilshenar,287,72,-21,Ilshenar,False
284,73,-16,Ilshenar,265,131,-28,Ilshenar,False
285,73,-16,Ilshenar,266,131,-28,Ilshenar,False
286,73,-16,Ilshenar,267,131,-28,Ilshenar,False
287,73,-16,Ilshenar,268,131,-28,Ilshenar,False
284,67,-30,Ilshenar,131,128,-21,Ilshenar,False
285,67,-30,Ilshenar,132,128,-21,Ilshenar,False
286,67,-30,Ilshenar,133,128,-21,Ilshenar,False
287,67,-30,Ilshenar,134,128,-21,Ilshenar,False
131,129,-16,Ilshenar,284,68,-28,Ilshenar,False
132,129,-16,Ilshenar,285,68,-28,Ilshenar,False
133,129,-16,Ilshenar,286,68,-28,Ilshenar,False
134,129,-16,Ilshenar,287,68,-28,Ilshenar,False
358,40,-36,Ilshenar,156,88,-18,Ilshenar,False
358,41,-36,Ilshenar,156,89,-18,Ilshenar,False
358,42,-36,Ilshenar,156,90,-18,Ilshenar,False
155,88,-16,Ilshenar,357,40,-31,Ilshenar,False
155,89,-16,Ilshenar,357,41,-31,Ilshenar,False
155,90,-16,Ilshenar,357,42,-31,Ilshenar,False
938,494,-40,Ilshenar,83,749,-23,Ilshenar,True
939,494,-40,Ilshenar,84,749,-23,Ilshenar,True
940,494,-40,Ilshenar,85,749,-23,Ilshenar,True
941,494,-40,Ilshenar,86,749,-23,Ilshenar,True
313,1329,-40,Ilshenar,327,1593,-13,Ilshenar,True
314,1329,-38,Ilshenar,328,1593,-13,Ilshenar,True
315,1329,-36,Ilshenar,329,1593,-13,Ilshenar,True
330,1593,-13,Ilshenar,315,1329,-35,Ilshenar,False
265,1587,-28,Ilshenar,225,1334,-20,Ilshenar,True
266,1587,-28,Ilshenar,226,1334,-20,Ilshenar,True
267,1587,-28,Ilshenar,227,1334,-20,Ilshenar,True
1139,592,-80,Ilshenar,1238,583,-19,Ilshenar,False
1140,592,-80,Ilshenar,1238,584,-19,Ilshenar,False
1141,592,-80,Ilshenar,1238,585,-19,Ilshenar,False
1142,592,-80,Ilshenar,1238,585,-19,Ilshenar,False
1237,583,-19,Ilshenar,1139,593,-80,Ilshenar,False
1237,584,-19,Ilshenar,1140,593,-80,Ilshenar,False
1237,585,-19,Ilshenar,1141,593,-80,Ilshenar,False
709,667,-39,Ilshenar,912,451,-80,Ilshenar,False
710,667,-39,Ilshenar,912,452,-80,Ilshenar,False
711,667,-39,Ilshenar,912,453,-80,Ilshenar,False
911,451,-80,Ilshenar,709,668,-39,Ilshenar,False
911,452,-80,Ilshenar,710,668,-39,Ilshenar,False
911,453,-80,Ilshenar,711,668,-38,Ilshenar,False
827,777,-80,Ilshenar,1975,114,-28,Ilshenar,False
827,778,-80,Ilshenar,1975,114,-28,Ilshenar,False
827,779,-80,Ilshenar,1975,114,-28,Ilshenar,False
828,777,-80,Ilshenar,1975,114,-28,Ilshenar,False
828,778,-80,Ilshenar,1975,114,-28,Ilshenar,False
828,779,-80,Ilshenar,1975,114,-28,Ilshenar,False
829,777,-80,Ilshenar,1975,114,-28,Ilshenar,False
829,778,-80,Ilshenar,1975,114,-28,Ilshenar,False
829,779,-80,Ilshenar,1975,114,-28,Ilshenar,False
1978,114,-28,Ilshenar,835,778,-80,Ilshenar,False
1978,115,-28,Ilshenar,835,778,-80,Ilshenar,False
1978,116,-28,Ilshenar,835,778,-80,Ilshenar,False
1978,117,-28,Ilshenar,835,778,-80,Ilshenar,False
1979,114,-28,Ilshenar,835,778,-80,Ilshenar,False
1979,115,-28,Ilshenar,835,778,-80,Ilshenar,False
1979,116,-28,Ilshenar,835,778,-80,Ilshenar,False
1979,117,-28,Ilshenar,835,778,-80,Ilshenar,False
1980,114,-28,Ilshenar,835,778,-80,Ilshenar,False
1980,115,-28,Ilshenar,835,778,-80,Ilshenar,False
1980,116,-28,Ilshenar,835,778,-80,Ilshenar,False
1980,117,-28,Ilshenar,835,778,-80,Ilshenar,False
1981,114,-28,Ilshenar,835,778,-80,Ilshenar,False
1981,115,-28,Ilshenar,835,778,-80,Ilshenar,False
1981,116,-28,Ilshenar,835,778,-80,Ilshenar,False
1981,117,-28,Ilshenar,835,778,-80,Ilshenar,False
2317,1269,-110,Malas,381,132,33,Malas,False
2317,1268,-110,Malas,381,132,33,Malas,False
2317,1267,-110,Malas,381,132,33,Malas,False
2317,1266,-110,Malas,381,132,33,Malas,False
2316,1269,-110,Malas,381,132,33,Malas,False
2315,1269,-110,Malas,381,132,33,Malas,False
2315,1268,-110,Malas,381,132,33,Malas,False
2315,1267,-109,Malas,381,132,33,Malas,False
2316,1267,-110,Malas,381,132,33,Malas,False
496,49,6,Malas,2350,1270,-85,Malas,False
3,128,-1,Malas,259,785,64,Tokuno,False
4,128,-1,Malas,259,785,64,Tokuno,False
5,128,-1,Malas,259,785,64,Tokuno,False
6,128,-1,Malas,259,785,64,Tokuno,False
7,128,-1,Malas,259,785,64,Tokuno,False
8,128,-1,Malas,259,785,64,Tokuno,False
64,336,11,Malas,983,195,24,Tokuno,False
64,337,11,Malas,983,195,24,Tokuno,False
64,338,11,Malas,983,195,24,Tokuno,False
64,339,11,Malas,983,195,24,Tokuno,False
66,351,-7,Malas,63,524,-1,Malas,False
66,352,-7,Malas,63,524,-1,Malas,False
66,353,-7,Malas,63,524,-1,Malas,False
66,354,-7,Malas,63,524,-1,Malas,False
61,523,6,Malas,63,352,-3,Malas,False
61,524,6,Malas,63,352,-3,Malas,False
61,525,6,Malas,63,352,-3,Malas,False
61,526,6,Malas,63,352,-3,Malas,False
103,555,-6,Malas,76,691,-1,Malas,False
103,556,-6,Malas,76,691,-1,Malas,False
103,557,-6,Malas,76,691,-1,Malas,False
103,558,-6,Malas,76,691,-1,Malas,False
73,688,6,Malas,100,556,-2,Malas,False
73,689,6,Malas,100,556,-2,Malas,False
73,690,6,Malas,100,556,-2,Malas,False
73,691,6,Malas,100,556,-2,Malas,False
73,692,6,Malas,100,556,-2,Malas,False
73,693,6,Malas,100,556,-2,Malas,False
73,694,6,Malas,100,556,-2,Malas,False
384,810,-1,Malas,403,1167,0,Malas,False
403,1169,0,Malas,385,811,-1,Malas,False
404,1169,0,Malas,385,808,-1,Malas,False
405,1169,0,Malas,385,808,-1,Malas,False
328,1972,5,Malas,1731,978,-80,Malas,False
328,1973,5,Malas,1731,978,-80,Malas,False
328,1974,5,Malas,1731,978,-80,Malas,False
328,1975,5,Malas,1731,978,-80,Malas,False
84,1673,-2,Malas,156,1613,0,Malas,False
156,1609,17,Malas,87,1673,0,Malas,False
157,1609,17,Malas,87,1673,0,Malas,False
257,783,63,Tokuno,5,128,-1,Malas,False
258,783,63,Tokuno,5,128,-1,Malas,False
259,783,63,Tokuno,5,128,-1,Malas,False
260,783,63,Tokuno,5,128,-1,Malas,False
988,194,15,Tokuno,67,337,-1,Malas,False
988,195,15,Tokuno,67,337,-1,Malas,False
987,196,15,Tokuno,67,337,-1,Malas,False
988,197,18,Tokuno,67,337,-1,Malas,False
1125,1076,-117,TerMur,520,920,39,TerMur,False
1126,1076,15,TerMur,521,920,39,TerMur,False
519,919,39,TerMur,1125,1075,-117,TerMur,False
520,919,39,TerMur,1125,1075,-117,TerMur,False
521,919,39,TerMur,1126,1075,-117,TerMur,False
522,919,36,TerMur,1126,1075,-117,TerMur,False
996,3841,-41,TerMur,33,240,5,TerMur,False
997,3841,-41,TerMur,34,240,5,TerMur,False
998,3841,-41,TerMur,35,240,5,TerMur,False
999,3841,-41,TerMur,36,240,5,TerMur,False
1000,3841,-41,TerMur,37,240,5,TerMur,False
33,241,7,TerMur,996,3842,-41,TerMur,False
34,241,7,TerMur,997,3842,-41,TerMur,False
35,241,7,TerMur,998,3842,-41,TerMur,False
36,241,7,TerMur,999,3842,-41,TerMur,False
37,241,7,TerMur,1000,3842,-41,TerMur,False
511,584,11,TerMur,6992,1367,-15,Felucca,False
512,584,11,TerMur,6992,1367,-15,Felucca,False
513,584,11,TerMur,6993,1367,-15,Felucca,False
514,584,11,TerMur,6993,1367,-15,Felucca,False
7149,756,25,TerMur,511,585,11,Felucca,False
1125,1215,5,TerMur,4194,3261,5,Trammel,False
1126,1215,5,TerMur,4194,3261,5,Trammel,False
1127,1215,5,TerMur,4194,3261,5,Trammel,False
1128,1215,5,TerMur,4194,3261,5,Trammel,False
1129,1215,5,TerMur,4194,3261,5,Trammel,False
1130,1215,5,TerMur,4194,3261,5,Trammel,False
1131,1215,5,TerMur,4194,3261,5,Trammel,False
1080,974,-20,TerMur,1081,883,-5,TerMur,False
1080,975,-20,TerMur,1081,883,-5,TerMur,False
1081,974,-20,TerMur,1081,883,-5,TerMur,False
1081,975,-20,TerMur,1081,883,-5,TerMur,False
1079,882,0,TerMur,1080,977,-21,TerMur,False
1079,883,0,TerMur,1080,977,-21,TerMur,False
1079,884,0,TerMur,1080,977,-21,TerMur,False
1079,885,0,TerMur,1080,977,-21,TerMur,False
841,272,30,TerMur,434,152,0,TerMur,False
841,273,30,TerMur,434,153,0,TerMur,False
841,287,30,TerMur,433,167,0,TerMur,False
843,286,22,TerMur,433,166,0,TerMur,False
442,152,-38,TerMur,850,272,-11,TerMur,False
442,153,-38,TerMur,850,273,-11,TerMur,False
442,166,-38,TerMur,850,286,-11,TerMur,False
442,167,-38,TerMur,850,287,-11,TerMur,False
6141,1431,4,Trammel,6138,1408,2,Trammel,False
2618,977,5,Trammel,2727,2133,5,Trammel,True
4619,1203,0,Trammel,4622,1204,23,Trammel,False
4627,1207,20,Trammel,4633,1202,0,Trammel,False
1593,2488,17,Trammel,1600,2489,12,Trammel,False
1594,2488,17,Trammel,1600,2489,12,Trammel,False
1595,2488,17,Trammel,1600,2489,12,Trammel,False
5691,1348,0,Trammel,5690,1352,-26,Trammel,True
1166,2237,60,Trammel,1163,2205,0,Trammel,False
1165,2204,40,Trammel,1163,2211,60,Trammel,False
1163,2208,0,Trammel,1165,2214,19,Trammel,False
1163,2204,60,Trammel,1171,2202,0,Trammel,False
5926,145,22,Trammel,5970,147,22,Trammel,False
5926,146,22,Trammel,5970,147,22,Trammel,False
5926,147,22,Trammel,5970,147,22,Trammel,False
5926,148,22,Trammel,5970,147,22,Trammel,False
5926,149,22,Trammel,5970,147,22,Trammel,False
5933,146,22,Trammel,5970,147,22,Trammel,False
5933,145,22,Trammel,5970,147,22,Trammel,False
5933,149,22,Trammel,5970,147,22,Trammel,False
5944,148,22,Trammel,5970,147,22,Trammel,False
5944,147,22,Trammel,5970,147,22,Trammel,False
5944,146,22,Trammel,5970,147,22,Trammel,False
5944,145,22,Trammel,5970,147,22,Trammel,False
5944,144,22,Trammel,5970,147,22,Trammel,False
5955,148,22,Trammel,5970,147,22,Trammel,False
5955,146,22,Trammel,5970,147,22,Trammel,False
5955,145,22,Trammel,5970,147,22,Trammel,False
5955,144,22,Trammel,5970,147,22,Trammel,False
5955,149,22,Trammel,5970,147,22,Trammel,False
5955,150,22,Trammel,5970,147,22,Trammel,False
5963,146,22,Trammel,5970,147,22,Trammel,False
5963,145,22,Trammel,5970,147,22,Trammel,False
5963,144,22,Trammel,5970,147,22,Trammel,False
5933,147,22,Trammel,5970,147,22,Trammel,False
5963,148,22,Trammel,5970,147,22,Trammel,False
5963,147,22,Trammel,5970,147,22,Trammel,False
6044,226,44,Trammel,6041,204,22,Trammel,False
6039,204,22,Trammel,6050,227,44,Trammel,False
6115,176,0,Trammel,6107,176,0,Trammel,False
6107,179,0,Trammel,6124,155,0,Trammel,False
1013,1433,0,Trammel,5138,2016,0,Trammel,False
1013,1434,0,Trammel,5138,2016,0,Trammel,False
5139,2015,0,Trammel,1014,1434,0,Trammel,False
5139,2016,0,Trammel,1014,1434,0,Trammel,False
5139,2017,0,Trammel,1014,1434,0,Trammel,False
5132,1946,0,Trammel,5332,1379,0,Trammel,False
5133,1946,0,Trammel,5332,1379,0,Trammel,False
5134,1946,0,Trammel,5332,1379,0,Trammel,False
5135,1946,0,Trammel,5332,1379,0,Trammel,False
5329,1381,10,Trammel,5134,1947,0,Trammel,False
5330,1381,10,Trammel,5134,1947,0,Trammel,False
5331,1381,10,Trammel,5134,1947,0,Trammel,False
5332,1381,10,Trammel,5134,1947,0,Trammel,False
5333,1381,10,Trammel,5134,1947,0,Trammel,False
5334,1381,10,Trammel,5134,1947,0,Trammel,False
5363,1289,4,Trammel,5272,2041,4,Trammel,False
5364,1289,4,Trammel,5272,2041,4,Trammel,False
5272,2043,4,Trammel,5363,1290,4,Trammel,False
5273,2043,4,Trammel,5363,1290,4,Trammel,False
5827,593,0,Trammel,5690,569,25,Trammel,False
5829,593,0,Trammel,5690,569,25,Trammel,False
5871,531,15,Trammel,5690,569,25,Trammel,False
5870,530,15,Trammel,5690,569,25,Trammel,False
5871,530,15,Trammel,5690,569,25,Trammel,False
5870,531,15,Trammel,5690,569,25,Trammel,False
5867,528,15,Trammel,5703,639,0,Trammel,False
5868,528,15,Trammel,5703,639,0,Trammel,False
5868,529,15,Trammel,5703,639,0,Trammel,False
5867,529,15,Trammel,5703,639,0,Trammel,False
5705,625,0,Trammel,5703,639,0,Trammel,False
5698,662,0,Trammel,5793,527,10,Trammel,False
5733,554,20,Trammel,5829,595,0,Trammel,False
5690,569,25,Trammel,5829,595,0,Trammel,False
6141,1431,4,Felucca,6138,1408,2,Felucca,False
2618,977,5,Felucca,2727,2133,5,Felucca,True
4619,1203,0,Felucca,4622,1204,23,Felucca,False
4627,1207,20,Felucca,4633,1202,0,Felucca,False
1593,2488,17,Felucca,1600,2489,12,Felucca,False
1594,2488,17,Felucca,1600,2489,12,Felucca,False
1595,2488,17,Felucca,1600,2489,12,Felucca,False
5691,1348,0,Felucca,5690,1352,-26,Felucca,True
1166,2237,60,Felucca,1163,2205,0,Felucca,False
1165,2204,40,Felucca,1163,2211,60,Felucca,False
1163,2208,0,Felucca,1165,2214,19,Felucca,False
1163,2204,60,Felucca,1171,2202,0,Felucca,False
5926,145,22,Felucca,5970,147,22,Felucca,False
5926,146,22,Felucca,5970,147,22,Felucca,False
5926,147,22,Felucca,5970,147,22,Felucca,False
5926,148,22,Felucca,5970,147,22,Felucca,False
5926,149,22,Felucca,5970,147,22,Felucca,False
5933,146,22,Felucca,5970,147,22,Felucca,False
5933,145,22,Felucca,5970,147,22,Felucca,False
5933,149,22,Felucca,5970,147,22,Felucca,False
5944,148,22,Felucca,5970,147,22,Felucca,False
5944,147,22,Felucca,5970,147,22,Felucca,False
5944,146,22,Felucca,5970,147,22,Felucca,False
5944,145,22,Felucca,5970,147,22,Felucca,False
5944,144,22,Felucca,5970,147,22,Felucca,False
5955,148,22,Felucca,5970,147,22,Felucca,False
5955,146,22,Felucca,5970,147,22,Felucca,False
5955,145,22,Felucca,5970,147,22,Felucca,False
5955,144,22,Felucca,5970,147,22,Felucca,False
5955,149,22,Felucca,5970,147,22,Felucca,False
5955,150,22,Felucca,5970,147,22,Felucca,False
5963,146,22,Felucca,5970,147,22,Felucca,False
5963,145,22,Felucca,5970,147,22,Felucca,False
5963,144,22,Felucca,5970,147,22,Felucca,False
5933,147,22,Felucca,5970,147,22,Felucca,False
5963,148,22,Felucca,5970,147,22,Felucca,False
5963,147,22,Felucca,5970,147,22,Felucca,False
6044,226,44,Felucca,6041,204,22,Felucca,False
6039,204,22,Felucca,6050,227,44,Felucca,False
6115,176,0,Felucca,6107,176,0,Felucca,False
6107,179,0,Felucca,6124,155,0,Felucca,False
1013,1433,0,Felucca,5138,2016,0,Felucca,False
1013,1434,0,Felucca,5138,2016,0,Felucca,False
5139,2015,0,Felucca,1014,1434,0,Felucca,False
5139,2016,0,Felucca,1014,1434,0,Felucca,False
5139,2017,0,Felucca,1014,1434,0,Felucca,False
5132,1946,0,Felucca,5332,1379,0,Felucca,False
5133,1946,0,Felucca,5332,1379,0,Felucca,False
5134,1946,0,Felucca,5332,1379,0,Felucca,False
5135,1946,0,Felucca,5332,1379,0,Felucca,False
5329,1381,10,Felucca,5134,1947,0,Felucca,False
5330,1381,10,Felucca,5134,1947,0,Felucca,False
5331,1381,10,Felucca,5134,1947,0,Felucca,False
5332,1381,10,Felucca,5134,1947,0,Felucca,False
5333,1381,10,Felucca,5134,1947,0,Felucca,False
5334,1381,10,Felucca,5134,1947,0,Felucca,False
5363,1289,4,Felucca,5272,2041,4,Felucca,False
5364,1289,4,Felucca,5272,2041,4,Felucca,False
5272,2043,4,Felucca,5363,1290,4,Felucca,False
5273,2043,4,Felucca,5363,1290,4,Felucca,False
5827,593,0,Felucca,5690,569,25,Felucca,False
5829,593,0,Felucca,5690,569,25,Felucca,False
5871,531,15,Felucca,5690,569,25,Felucca,False
5870,530,15,Felucca,5690,569,25,Felucca,False
5871,530,15,Felucca,5690,569,25,Felucca,False
5870,531,15,Felucca,5690,569,25,Felucca,False
5867,528,15,Felucca,5703,639,0,Felucca,False
5868,528,15,Felucca,5703,639,0,Felucca,False
5868,529,15,Felucca,5703,639,0,Felucca,False
5867,529,15,Felucca,5703,639,0,Felucca,False
5705,625,0,Felucca,5703,639,0,Felucca,False
5698,662,0,Felucca,5793,527,10,Felucca,False
5733,554,20,Felucca,5829,595,0,Felucca,False
5690,569,25,Felucca,5829,595,0,Felucca,False
5571,1299,0,Felucca,6012,3786,25,Felucca,False
5572,1299,0,Felucca,6013,3786,25,Felucca,False
6011,3787,22,Felucca,5570,1300,0,Felucca,False
6012,3787,20,Felucca,5571,1300,0,Felucca,False
6013,3787,20,Felucca,5572,1300,0,Felucca,False
6014,3787,21,Felucca,5573,1300,0,Felucca,False
5878,3817,-2,Felucca,5399,1289,0,Felucca,False
5878,3818,-2,Felucca,5399,1290,0,Felucca,False
5400,1288,0,Felucca,5879,3817,0,Felucca,False
5400,1289,0,Felucca,5879,3817,0,Felucca,False
5400,1290,0,Felucca,5879,3818,0,Felucca,False
5543,1355,0,Felucca,5572,1307,0,Felucca,False
5527,1340,0,Felucca,5412,1396,0,Felucca,False
5557,1317,0,Felucca,5396,1297,0,Felucca,False
5566,1337,0,Felucca,5620,1341,0,Felucca,False
5451,1360,5,Felucca,5435,1341,0,Felucca,False
5453,1360,5,Felucca,5436,1341,0,Felucca,False
6577,159,13,Felucca,6577,177,30,Felucca,False
6578,159,12,Felucca,6577,177,30,Felucca,False
6579,159,7,Felucca,6577,177,30,Felucca,False
6582,109,0,Felucca,6553,142,0,Felucca,False
6554,104,0,Felucca,6555,116,0,Felucca,False
6469,97,-50,Felucca,6503,88,0,Felucca,False
6568,77,-10,Felucca,6576,73,0,Felucca,False
6589,178,25,Felucca,6519,116,-20,Felucca,False
6540,116,-15,Felucca,6537,138,-20,Felucca,False
6540,117,-15,Felucca,6537,139,-20,Felucca,False
6488,849,40,Felucca,6587,867,0,Felucca,False
6488,850,41,Felucca,6587,868,0,Felucca,False
6575,889,0,Felucca,6473,869,20,Felucca,False
6574,889,0,Felucca,6472,869,20,Felucca,False
6588,867,0,Felucca,6489,849,39,Felucca,False
589,1637,0,Felucca,6575,888,0,Felucca,False
1714,2997,0,Felucca,6309,892,0,Felucca,False
1714,2996,0,Felucca,6309,891,0,Felucca,False
6310,893,0,Felucca,1715,2997,0,Felucca,False
6310,890,0,Felucca,1715,2996,0,Felucca,False
6310,892,0,Felucca,1715,2997,0,Felucca,False
6310,891,0,Felucca,1715,2996,0,Felucca,False
311,786,0,Felucca,5750,350,5,Felucca,False
311,786,-24,Felucca,314,784,0,Felucca,False
5443,2325,35,Felucca,5814,3548,0,Felucca,False
5996,2367,45,Felucca,5522,3921,37,Felucca,False
6053,2407,27,Felucca,5958,2345,25,Felucca,False
6080,2340,26,Felucca,6089,2400,24,Felucca,False
5503,3971,40,Felucca,5972,2418,26,Felucca,False
5731,3420,14,Felucca,5490,2348,20,Felucca,False
5265,683,0,Felucca,5606,802,60,Felucca,False
5265,669,0,Felucca,5876,1378,0,Felucca,False
5506,814,60,Felucca,5164,1009,0,Felucca,False
5506,817,60,Felucca,5201,1564,0,Felucca,False
5145,973,0,Felucca,5201,1564,0,Felucca,False
5140,973,0,Felucca,5331,707,0,Felucca,False
5682,1440,0,Felucca,5606,802,60,Felucca,False
5682,1437,0,Felucca,5164,1009,0,Felucca,False
5905,97,0,Felucca,5977,169,0,Felucca,False
5360,1540,0,Felucca,5876,1378,0,Felucca,False
5356,1540,0,Felucca,5331,707,0,Felucca,False
6972,802,28,Felucca,5905,21,44,Felucca,False
7049,709,28,Felucca,2923,3406,8,Felucca,False
5304,676,-20,Felucca,7109,1097,18,Felucca,False
7045,1090,-15,Felucca,5405,2640,-5,Felucca,False
6941,987,-15,Felucca,5524,3353,10,Felucca,False
7149,756,25,Felucca,974,419,-21,TerMur,True
7150,756,26,Felucca,975,419,-21,TerMur,True
7151,756,25,Felucca,976,419,-21,TerMur,True
7152,756,25,Felucca,977,419,-21,TerMur,True
6026,196,22,Felucca,6987,805,24,Felucca,False
6026,197,25,Felucca,6987,805,24,Felucca,False
5172,1589,-2,Felucca,5143,1774,0,Felucca,False
1037,579,-73,Ilshenar,1790,66,-26,Ilshenar,False
1037,580,-73,Ilshenar,1790,67,-26,Ilshenar,False
1037,581,-73,Ilshenar,1790,68,-26,Ilshenar,False
1038,578,-73,Ilshenar,1786,70,-26,Ilshenar,False
1038,579,-73,Ilshenar,1786,70,-26,Ilshenar,False
1038,581,-73,Ilshenar,1786,65,-26,Ilshenar,False
1038,582,-73,Ilshenar,1786,65,-26,Ilshenar,False
1039,578,-73,Ilshenar,1787,70,-26,Ilshenar,False
1039,582,-73,Ilshenar,1787,65,-26,Ilshenar,False
1040,578,-73,Ilshenar,1788,70,-26,Ilshenar,False
1040,579,-73,Ilshenar,1788,70,-26,Ilshenar,False
1040,581,-73,Ilshenar,1788,65,-26,Ilshenar,False
1040,582,-73,Ilshenar,1788,65,-26,Ilshenar,False
1041,581,-73,Ilshenar,1785,68,-26,Ilshenar,False
1041,580,-73,Ilshenar,1785,67,-26,Ilshenar,False
1041,579,-73,Ilshenar,1785,66,-26,Ilshenar,False
1786,66,-26,Ilshenar,1038,583,-78,Ilshenar,False
1786,67,-26,Ilshenar,1042,579,-78,Ilshenar,False
1786,68,-26,Ilshenar,1042,580,-78,Ilshenar,False
1786,69,-26,Ilshenar,1042,581,-78,Ilshenar,False
1787,66,-26,Ilshenar,1039,583,-78,Ilshenar,False
1788,66,-26,Ilshenar,1040,583,-78,Ilshenar,False
1789,66,-26,Ilshenar,1041,583,-78,Ilshenar,False
1787,69,-26,Ilshenar,1038,577,-78,Ilshenar,False
1788,69,-26,Ilshenar,1039,577,-78,Ilshenar,False
1789,67,-26,Ilshenar,1036,579,-78,Ilshenar,False
1789,68,-26,Ilshenar,1036,578,-78,Ilshenar,False
1789,69,-26,Ilshenar,1036,581,-78,Ilshenar,False
375,802,1,Malas,770,1209,25,Tokuno,False
412,1123,0,Malas,417,806,-1,Malas,False
411,1117,0,Malas,422,806,-1,Malas,False
421,1092,0,Malas,391,803,-1,Malas,False
412,1086,0,Malas,391,803,-1,Malas,False
389,704,-1,Malas,384,733,-1,Malas,False
426,780,-1,Malas,384,733,-1,Malas,False
331,769,-1,Malas,384,733,-1,Malas,False
355,745,-1,Malas,384,733,-1,Malas,False
330,706,-1,Malas,384,733,-1,Malas,False
391,777,-1,Malas,770,1209,25,Tokuno,False
407,254,2,Malas,428,318,2,Malas,False
408,254,2,Malas,428,318,2,Malas,False
409,254,2,Malas,428,318,2,Malas,False
427,321,2,Malas,422,327,-1,Malas,False
428,321,2,Malas,422,327,-1,Malas,False
429,321,2,Malas,422,327,-1,Malas,False
519,919,39,Termur,1125,1076,-117,Termur,False
520,919,39,Termur,1126,1076,-117,Termur,False
344,146,5,Termur,349,138,60,Termur,False
317,136,65,Termur,310,159,85,Termur,False
345,131,85,Termur,345,128,100,Termur,False
344,172,5,Termur,349,180,60,Termur,False
317,182,65,Termur,346,192,105,Termur,False
7149,756,25,Termur,511,585,9,Termur,False
7150,756,25,Termur,511,585,9,Termur,False
7151,756,25,Termur,511,585,9,Termur,False
7152,756,25,Termur,511,585,9,Termur,False
7153,756,25,Termur,511,585,9,Termur,False
79,379,5,Termur,52,389,65,Termur,False
52,389,65,Termur,79,379,5,Termur,False
52,343,65,Termur,80,338,85,Termur,False
80,338,85,Termur,52,343,64,Termur,False
45,366,85,Termur,81,399,105,Termur,False
81,399,105,Termur,45,366,85,Termur,False
40,366,105,Termur,79,353,5,Termur,False
79,353,5,Termur,40,366,105,Termur,False
79,577,5,Termur,52,587,65,Termur,False
52,587,65,Termur,79,577,5,Termur,False
52,541,65,Termur,80,536,85,Termur,False
80,536,85,Termur,52,541,64,Termur,False
45,564,85,Termur,81,597,105,Termur,False
81,597,105,Termur,45,564,85,Termur,False
40,564,105,Termur,79,551,5,Termur,False
79,551,5,Termur,40,564,105,Termur,False
79,785,5,Termur,52,795,65,Termur,False
52,795,65,Termur,79,785,5,Termur,False
52,749,65,Termur,80,744,85,Termur,False
80,744,85,Termur,52,749,64,Termur,False
45,772,85,Termur,81,805,105,Termur,False
81,805,105,Termur,45,772,85,Termur,False
40,772,105,Termur,79,759,5,Termur,False
79,759,5,Termur,40,772,105,Termur,False
644,3857,-43,Termur,594,3846,-31,Termur,False
594,3846,-31,Termur,644,3857,-43,Termur,False
1125,1215,5,Termur,4194,3261,5,Trammel,False
1126,1215,5,Termur,4194,3261,5,Trammel,False
1127,1215,5,Termur,4194,3261,5,Trammel,False
1128,1215,5,Termur,4194,3261,5,Trammel,False
1129,1215,5,Termur,4195,3261,5,Trammel,False
1130,1215,5,Termur,4195,3261,5,Trammel,False
1131,1215,5,Termur,4195,3261,5,Trammel,False
1006,1110,-42,Termur,1012,1071,-32,Termur,False
1006,1127,-42,Termur,1010,1144,-65,Termur,False
1010,1144,-65,Termur,1006,1127,-42,Termur,False
1012,1071,-32,Termur,1006,1110,-42,Termur,False
1042,1047,-33,Termur,1238,1151,-42,Termur,False
1238,1151,-42,Termur,1042,1047,-33,Termur,False
1206,1181,-47,Termur,1204,1181,-45,Termur,False
1202,1183,-45,Termur,1202,1185,-45,Termur,False
1198,1187,-45,Termur,1196,1187,-45,Termur,False
1183,1189,-44,Termur,1183,1187,-45,Termur,False
1183,1187,-45,Termur,1183,1189,-44,Termur,False
1183,1182,-47,Termur,1183,1180,-45,Termur,False
1183,1180,-45,Termur,1183,1182,-47,Termur,False
1184,1177,-47,Termur,1186,1177,-45,Termur,False
1186,1177,-45,Termur,1184,1177,-47,Termur,False
1187,1175,-45,Termur,1187,1173,-47,Termur,False
1187,1173,-47,Termur,1187,1175,-45,Termur,False
1203,1190,-74,Termur,1201,1190,-73,Termur,False
1201,1189,-71,Termur,1201,1186,-68,Termur,False
1200,1187,-66,Termur,1200,1190,-64,Termur,False
1197,1189,-58,Termur,1195,1189,-56,Termur,False
1192,1186,-40,Termur,1190,1186,-41,Termur,False
1190,1185,-40,Termur,1190,1183,-40,Termur,False
1186,1183,-40,Termur,1184,1183,-43,Termur,False
1187,1126,-42,Termur,1180,884,0,Termur,False
1180,885,0,Termur,1187,1127,-42,Termur,False
1162,1120,-42,Termur,1147,1089,-42,Termur,False
4194,3260,5,Termur,1128,1213,-2,Termur,False
4195,3260,5,Termur,1129,1213,-2,Termur,False
6577,159,13,Trammel,6577,177,30,Trammel,False
6578,159,12,Trammel,6577,177,30,Trammel,False
6579,159,7,Trammel,6577,177,30,Trammel,False
6582,109,0,Trammel,6553,142,0,Trammel,False
6554,104,0,Trammel,6555,116,0,Trammel,False
6469,97,-50,Trammel,6503,88,0,Trammel,False
6568,77,-10,Trammel,6576,73,0,Trammel,False
6589,178,25,Trammel,6519,116,-20,Trammel,False
6540,116,-15,Trammel,6537,138,-20,Trammel,False
6540,117,-15,Trammel,6537,139,-20,Trammel,False
6488,849,40,Trammel,6587,867,0,Trammel,False
6488,850,41,Trammel,6587,868,0,Trammel,False
6575,889,0,Trammel,6473,869,20,Trammel,False
6574,889,0,Trammel,6472,869,20,Trammel,False
6588,867,0,Trammel,6489,849,39,Trammel,False
589,1637,0,Trammel,6575,888,0,Trammel,False
1714,2997,0,Trammel,6309,892,0,Trammel,False
1714,2996,0,Trammel,6309,891,0,Trammel,False
6310,893,0,Trammel,1715,2997,0,Trammel,False
6310,890,0,Trammel,1715,2996,0,Trammel,False
6310,892,0,Trammel,1715,2997,0,Trammel,False
6310,891,0,Trammel,1715,2996,0,Trammel,False
6440,2677,20,Trammel,1477,1471,-8,Trammel,False
6440,2678,20,Trammel,1477,1472,-8,Trammel,False
6440,2679,20,Trammel,1477,1473,-8,Trammel,False
6440,2680,20,Trammel,1477,1474,-8,Trammel,False
6440,2681,20,Trammel,1477,1475,-8,Trammel,False
1477,1471,-8,Trammel,6432,2677,0,Trammel,False
1477,1472,-8,Trammel,6432,2678,0,Trammel,False
1477,1473,-8,Trammel,6432,2679,0,Trammel,False
1477,1474,-8,Trammel,6432,2680,0,Trammel,False
1477,1475,-8,Trammel,6432,2681,0,Trammel,False
5260,1841,0,Trammel,3613,2592,0,Trammel,False
311,786,0,Trammel,5750,350,5,Trammel,False
311,786,-24,Trammel,314,784,0,Trammel,False
4194,3260,5,Trammel,1127,1215,5,TerMur,False
4195,3260,5,Trammel,1129,1215,5,TerMur,False